Part Number,产品描述,关键词1,关键词2,关键词3,关键词4,关键词5,关键词6,关键词7,关键词8,关键词9,关键词10,关键词11,关键词12,关键词13,关键词14,关键词15,关键词16,关键词17,关键词18,关键词19,关键词20
881457-B21,2.4TB SAS 12G Enterprise 10K SFF,2.4TB SAS hard drive,2.4TB 10K RPM server HDD,2.4TB SAS 12Gbps enterprise drive,2.4TB 10000RPM 2.5 inch hard disk,SAS 12G 2.4TB server hard drive,2.4TB enterprise SAS HDD 10K,2.5 inch 2.4TB SAS drive 10000RPM,2.4TB hot swap server hard drive,2.4TB SAS 512e server HDD,enterprise 2.4TB SAS 10K drive,2.4TB 12Gbps SAS storage drive,server hard disk 2.4TB SAS 10K,2.4TB SFF SAS enterprise HDD,2.4TB dual port SAS hard drive,high performance 2.4TB SAS drive,2.4TB SAS hard disk for server,2.4TB 10K enterprise storage HDD,data center 2.4TB SAS drive,2.4TB SAS HDD wholesale,mission critical 2.4TB SAS drive
872481-B21,1.8TB SAS 12G Enterprise 10K SFF,1.8TB SAS hard drive,1.8TB 10K RPM server HDD,1.8TB SAS 12Gbps enterprise drive,1.8TB 10000RPM 2.5 inch hard disk,SAS 12G 1.8TB server hard drive,1.8TB enterprise SAS HDD 10K,2.5 inch 1.8TB SAS drive 10000RPM,1.8TB hot swap server hard drive,1.8TB SAS 512e server HDD,enterprise 1.8TB SAS 10K drive,1.8TB 12Gbps SAS storage drive,server hard disk 1.8TB SAS 10K,1.8TB SFF SAS enterprise HDD,1.8TB dual port SAS hard drive,high performance 1.8TB SAS drive,1.8TB SAS hard disk for server,1.8TB 10K enterprise storage HDD,data center 1.8TB SAS drive,1.8TB SAS HDD wholesale,mission critical 1.8TB SAS drive
872479-B21,1.2TB SAS 12G Enterprise 10K SFF,1.2TB SAS hard drive,1.2TB 10K RPM server HDD,1.2TB SAS 12Gbps enterprise drive,1.2TB 10000RPM 2.5 inch hard disk,SAS 12G 1.2TB server hard drive,1.2TB enterprise SAS HDD 10K,2.5 inch 1.2TB SAS drive 10000RPM,1.2TB hot swap server hard drive,1.2TB SAS 512e server HDD,enterprise 1.2TB SAS 10K drive,1.2TB 12Gbps SAS storage drive,server hard disk 1.2TB SAS 10K,1.2TB SFF SAS enterprise HDD,1.2TB dual port SAS hard drive,high performance 1.2TB SAS drive,1.2TB SAS hard disk for server,1.2TB 10K enterprise storage HDD,data center 1.2TB SAS drive,1.2TB SAS HDD wholesale,mission critical 1.2TB SAS drive
870759-B21,900GB SAS 12G Enterprise 15K SFF,900GB SAS hard drive,900GB 15K RPM server HDD,900GB SAS 12Gbps enterprise drive,900GB 15000RPM 2.5 inch hard disk,SAS 12G 900GB server hard drive,900GB enterprise SAS HDD 15K,2.5 inch 900GB SAS drive 15000RPM,900GB hot swap server hard drive,900GB SAS 512e server HDD,enterprise 900GB SAS 15K drive,900GB 12Gbps SAS storage drive,server hard disk 900GB SAS 15K,900GB SFF SAS enterprise HDD,900GB dual port SAS hard drive,high performance 900GB SAS drive,900GB SAS hard disk for server,900GB 15K enterprise storage HDD,data center 900GB SAS drive,900GB SAS HDD wholesale,high speed 900GB SAS 15K drive
870757-B21,600GB SAS 12G Enterprise 15K SFF,600GB SAS hard drive,600GB 15K RPM server HDD,600GB SAS 12Gbps enterprise drive,600GB 15000RPM 2.5 inch hard disk,SAS 12G 600GB server hard drive,600GB enterprise SAS HDD 15K,2.5 inch 600GB SAS drive 15000RPM,600GB hot swap server hard drive,600GB SAS 512e server HDD,enterprise 600GB SAS 15K drive,600GB 12Gbps SAS storage drive,server hard disk 600GB SAS 15K,600GB SFF SAS enterprise HDD,600GB dual port SAS hard drive,high performance 600GB SAS drive,600GB SAS hard disk for server,600GB 15K enterprise storage HDD,data center 600GB SAS drive,600GB SAS HDD wholesale,high speed 600GB SAS 15K drive
872477-B21,600GB SAS 12G Enterprise 10K SFF,600GB SAS hard drive 10K,600GB 10K RPM server HDD,600GB SAS 12Gbps enterprise drive,600GB 10000RPM 2.5 inch hard disk,SAS 12G 600GB server hard drive,600GB enterprise SAS HDD 10K,2.5 inch 600GB SAS drive 10000RPM,600GB hot swap server hard drive,600GB SAS 512e server HDD,enterprise 600GB SAS 10K drive,600GB 12Gbps SAS storage drive,server hard disk 600GB SAS 10K,600GB SFF SAS enterprise HDD,600GB dual port SAS hard drive,high performance 600GB SAS 10K,600GB SAS hard disk for server,600GB 10K enterprise storage HDD,data center 600GB SAS drive,600GB SAS HDD wholesale,mission critical 600GB SAS drive
870753-B21,300GB SAS 12G Enterprise 15K SFF,300GB SAS hard drive,300GB 15K RPM server HDD,300GB SAS 12Gbps enterprise drive,300GB 15000RPM 2.5 inch hard disk,SAS 12G 300GB server hard drive,300GB enterprise SAS HDD 15K,2.5 inch 300GB SAS drive 15000RPM,300GB hot swap server hard drive,300GB SAS 512e server HDD,enterprise 300GB SAS 15K drive,300GB 12Gbps SAS storage drive,server hard disk 300GB SAS 15K,300GB SFF SAS enterprise HDD,300GB dual port SAS hard drive,high performance 300GB SAS drive,300GB SAS hard disk for server,300GB 15K enterprise storage HDD,data center 300GB SAS drive,300GB SAS HDD wholesale,high speed 300GB SAS 15K drive
872475-B21,300GB SAS 12G Enterprise 10K SFF,300GB SAS hard drive 10K,300GB 10K RPM server HDD,300GB SAS 12Gbps enterprise drive,300GB 10000RPM 2.5 inch hard disk,SAS 12G 300GB server hard drive 10K,300GB enterprise SAS HDD 10K,2.5 inch 300GB SAS drive 10000RPM,300GB hot swap server hard drive,300GB SAS 512e server HDD 10K,enterprise 300GB SAS 10K drive,300GB 12Gbps SAS storage drive 10K,server hard disk 300GB SAS 10K,300GB SFF SAS enterprise HDD 10K,300GB dual port SAS hard drive,high performance 300GB SAS 10K,300GB SAS hard disk for server,300GB 10K enterprise storage HDD,data center 300GB SAS drive,300GB SAS HDD wholesale 10K,mission critical 300GB SAS drive
765466-B21,2TB SAS 12G Midline 7.2K SFF,2TB SAS hard drive,2TB 7200RPM server HDD,2TB SAS 12Gbps midline drive,2TB 7.2K 2.5 inch hard disk,SAS 12G 2TB server hard drive,2TB midline SAS HDD 7200RPM,2.5 inch 2TB SAS drive 7.2K,2TB hot swap server hard drive,2TB SAS 512e server HDD,midline 2TB SAS 7.2K drive,2TB 12Gbps SAS storage drive,server hard disk 2TB SAS 7200,2TB SFF SAS midline HDD,2TB capacity SAS hard drive,high capacity 2TB SAS drive,2TB SAS hard disk for server,2TB 7.2K server storage HDD,data center 2TB SAS drive,2TB SAS HDD wholesale,nearline 2TB SAS 7200RPM drive
832514-B21,1TB SAS 12G Midline 7.2K SFF,1TB SAS hard drive,1TB 7200RPM server HDD,1TB SAS 12Gbps midline drive,1TB 7.2K 2.5 inch hard disk,SAS 12G 1TB server hard drive,1TB midline SAS HDD 7200RPM,2.5 inch 1TB SAS drive 7.2K,1TB hot swap server hard drive,1TB SAS 512e server HDD,midline 1TB SAS 7.2K drive,1TB 12Gbps SAS storage drive,server hard disk 1TB SAS 7200,1TB SFF SAS midline HDD,1TB capacity SAS hard drive,high capacity 1TB SAS drive,1TB SAS hard disk for server,1TB 7.2K server storage HDD,data center 1TB SAS drive,1TB SAS HDD wholesale,nearline 1TB SAS 7200RPM drive
P23863-B21,16TB SAS 12G Business Critical 7.2K LFF ISE,16TB SAS hard drive,16TB 7200RPM server HDD,16TB SAS 12Gbps enterprise drive,16TB 7.2K 3.5 inch hard disk,SAS 12G 16TB server hard drive,16TB business critical SAS HDD,3.5 inch 16TB SAS drive 7200RPM,16TB hot swap server hard drive,16TB SAS 512e server HDD,large capacity 16TB SAS drive,16TB 12Gbps SAS storage drive,server hard disk 16TB SAS,16TB LFF SAS enterprise HDD,16TB high capacity SAS drive,data center 16TB SAS HDD,16TB SAS hard disk for server,16TB 7.2K storage server HDD,16TB ISE SAS hard drive,16TB SAS HDD wholesale,bulk storage 16TB SAS drive
P09153-B21,14TB SAS 12G Midline 7.2K LFF Helium,14TB SAS hard drive,14TB 7200RPM server HDD,14TB SAS 12Gbps midline drive,14TB 7.2K 3.5 inch hard disk,SAS 12G 14TB server hard drive,14TB midline SAS HDD helium,3.5 inch 14TB SAS drive 7200RPM,14TB hot swap server hard drive,14TB SAS 512e server HDD,large capacity 14TB SAS drive,14TB 12Gbps SAS storage drive,server hard disk 14TB SAS,14TB LFF SAS midline HDD,14TB helium sealed SAS drive,data center 14TB SAS HDD,14TB SAS hard disk for server,14TB 7.2K storage server HDD,14TB nearline SAS hard drive,14TB SAS HDD wholesale,bulk storage 14TB SAS drive
881779-B21,12TB SAS 12G Midline 7.2K LFF Helium,12TB SAS hard drive,12TB 7200RPM server HDD,12TB SAS 12Gbps midline drive,12TB 7.2K 3.5 inch hard disk,SAS 12G 12TB server hard drive,12TB midline SAS HDD helium,3.5 inch 12TB SAS drive 7200RPM,12TB hot swap server hard drive,12TB SAS 512e server HDD,large capacity 12TB SAS drive,12TB 12Gbps SAS storage drive,server hard disk 12TB SAS,12TB LFF SAS midline HDD,12TB helium sealed SAS drive,data center 12TB SAS HDD,12TB SAS hard disk for server,12TB 7.2K storage server HDD,12TB nearline SAS hard drive,12TB SAS HDD wholesale,bulk storage 12TB SAS drive
857644-B21,10TB SAS 12G Midline 7.2K LFF Helium,10TB SAS hard drive,10TB 7200RPM server HDD,10TB SAS 12Gbps midline drive,10TB 7.2K 3.5 inch hard disk,SAS 12G 10TB server hard drive,10TB midline SAS HDD helium,3.5 inch 10TB SAS drive 7200RPM,10TB hot swap server hard drive,10TB SAS 512e server HDD,large capacity 10TB SAS drive,10TB 12Gbps SAS storage drive,server hard disk 10TB SAS,10TB LFF SAS midline HDD,10TB helium sealed SAS drive,data center 10TB SAS HDD,10TB SAS hard disk for server,10TB 7.2K storage server HDD,10TB nearline SAS hard drive,10TB SAS HDD wholesale,bulk storage 10TB SAS drive
819201-B21,8TB SAS 12G Midline 7.2K LFF,8TB SAS hard drive,8TB 7200RPM server HDD,8TB SAS 12Gbps midline drive,8TB 7.2K 3.5 inch hard disk,SAS 12G 8TB server hard drive,8TB midline SAS HDD 7200RPM,3.5 inch 8TB SAS drive 7200RPM,8TB hot swap server hard drive,8TB SAS 512e server HDD,large capacity 8TB SAS drive,8TB 12Gbps SAS storage drive,server hard disk 8TB SAS,8TB LFF SAS midline HDD,8TB high capacity SAS drive,data center 8TB SAS HDD,8TB SAS hard disk for server,8TB 7.2K storage server HDD,8TB nearline SAS hard drive,8TB SAS HDD wholesale,bulk storage 8TB SAS drive
861754-B21,6TB SAS 12G Midline 7.2K LFF,6TB SAS hard drive,6TB 7200RPM server HDD,6TB SAS 12Gbps midline drive,6TB 7.2K 3.5 inch hard disk,SAS 12G 6TB server hard drive,6TB midline SAS HDD 7200RPM,3.5 inch 6TB SAS drive 7200RPM,6TB hot swap server hard drive,6TB SAS 512e server HDD,large capacity 6TB SAS drive,6TB 12Gbps SAS storage drive,server hard disk 6TB SAS,6TB LFF SAS midline HDD,6TB high capacity SAS drive,data center 6TB SAS HDD,6TB SAS hard disk for server,6TB 7.2K storage server HDD,6TB nearline SAS hard drive,6TB SAS HDD wholesale,bulk storage 6TB SAS drive
P28352-B21,2.4TB SAS 12G Mission Critical 10K SFF BC,2.4TB SAS hard drive mission critical,2.4TB 10K RPM server HDD BC,2.4TB SAS 12Gbps enterprise drive,2.4TB 10000RPM 2.5 inch hard disk,SAS 12G 2.4TB mission critical drive,2.4TB enterprise SAS HDD 10K,2.5 inch 2.4TB SAS drive 10000RPM,2.4TB hot swap server hard drive,2.4TB SAS 512e mission critical HDD,enterprise 2.4TB SAS 10K drive BC,2.4TB 12Gbps SAS storage drive,server hard disk 2.4TB SAS 10K BC,2.4TB SFF SAS business critical HDD,2.4TB dual port SAS hard drive,high reliability 2.4TB SAS drive,2.4TB SAS 3 year warranty HDD,2.4TB 10K business critical storage,data center 2.4TB SAS drive BC,2.4TB SAS HDD wholesale BC,mission critical 2.4TB SAS 10K
P28586-B21,1.2TB SAS 12G Mission Critical 10K SFF BC,1.2TB SAS hard drive mission critical,1.2TB 10K RPM server HDD BC,1.2TB SAS 12Gbps enterprise drive,1.2TB 10000RPM 2.5 inch hard disk,SAS 12G 1.2TB mission critical drive,1.2TB enterprise SAS HDD 10K,2.5 inch 1.2TB SAS drive 10000RPM,1.2TB hot swap server hard drive,1.2TB SAS 512e mission critical HDD,enterprise 1.2TB SAS 10K drive BC,1.2TB 12Gbps SAS storage drive,server hard disk 1.2TB SAS 10K BC,1.2TB SFF SAS business critical HDD,1.2TB dual port SAS hard drive,high reliability 1.2TB SAS drive,1.2TB SAS 3 year warranty HDD,1.2TB 10K business critical storage,data center 1.2TB SAS drive BC,1.2TB SAS HDD wholesale BC,mission critical 1.2TB SAS 10K
P28028-B21,300GB SAS 12G Mission Critical 15K SFF BC,300GB SAS hard drive mission critical,300GB 15K RPM server HDD BC,300GB SAS 12Gbps enterprise drive,300GB 15000RPM 2.5 inch hard disk,SAS 12G 300GB mission critical drive,300GB enterprise SAS HDD 15K,2.5 inch 300GB SAS drive 15000RPM,300GB hot swap server hard drive,300GB SAS 512e mission critical HDD,enterprise 300GB SAS 15K drive BC,300GB 12Gbps SAS storage drive,server hard disk 300GB SAS 15K BC,300GB SFF SAS business critical HDD,300GB dual port SAS hard drive,high performance 300GB SAS 15K,300GB SAS 3 year warranty HDD,300GB 15K business critical storage,data center 300GB SAS drive BC,300GB SAS HDD wholesale BC,mission critical 300GB SAS 15K
P40430-B21,300GB SAS 12G Mission Critical 10K SFF BC,300GB SAS hard drive 10K BC,300GB 10K RPM server HDD BC,300GB SAS 12Gbps enterprise drive,300GB 10000RPM 2.5 inch hard disk,SAS 12G 300GB mission critical 10K,300GB enterprise SAS HDD 10K,2.5 inch 300GB SAS drive 10000RPM,300GB hot swap server hard drive,300GB SAS 512e mission critical HDD,enterprise 300GB SAS 10K drive BC,300GB 12Gbps SAS storage drive 10K,server hard disk 300GB SAS 10K BC,300GB SFF SAS business critical HDD,300GB dual port SAS hard drive 10K,high reliability 300GB SAS 10K,300GB SAS 3 year warranty HDD,300GB 10K business critical storage,data center 300GB SAS drive 10K BC,300GB SAS HDD wholesale 10K BC,mission critical 300GB SAS 10K
P37669-B21,18TB SAS 12G Business Critical 7.2K LFF LP ISE,18TB SAS hard drive,18TB 7200RPM server HDD,18TB SAS 12Gbps enterprise drive,18TB 7.2K 3.5 inch hard disk,SAS 12G 18TB server hard drive,18TB business critical SAS HDD,3.5 inch 18TB SAS drive 7200RPM,18TB hot swap server hard drive,18TB SAS 512e server HDD,large capacity 18TB SAS drive,18TB 12Gbps SAS storage drive,server hard disk 18TB SAS,18TB LFF SAS enterprise HDD,18TB highest capacity SAS drive,data center 18TB SAS HDD,18TB SAS hard disk for server,18TB 7.2K storage server HDD,18TB ISE SAS hard drive,18TB SAS HDD wholesale,bulk storage 18TB SAS drive
P23608-B21,16TB SAS 12G Business Critical 7.2K LFF LP ISE,16TB SAS hard drive LP,16TB 7200RPM server HDD LP,16TB SAS 12Gbps enterprise drive,16TB 7.2K 3.5 inch hard disk LP,SAS 12G 16TB server hard drive,16TB business critical SAS HDD LP,3.5 inch 16TB SAS drive 7200RPM,16TB hot swap server hard drive,16TB SAS 512e server HDD LP,large capacity 16TB SAS drive,16TB 12Gbps SAS storage drive LP,server hard disk 16TB SAS LP,16TB LFF SAS enterprise HDD LP,16TB high capacity SAS drive LP,data center 16TB SAS HDD LP,16TB SAS hard disk for server,16TB 7.2K storage server HDD LP,16TB ISE SAS hard drive LP,16TB SAS HDD wholesale LP,low profile 16TB SAS drive
P09155-B21,14TB SAS 12G MDL 7.2K LFF LP Helium,14TB SAS hard drive LP,14TB 7200RPM server HDD LP,14TB SAS 12Gbps midline drive,14TB 7.2K 3.5 inch hard disk LP,SAS 12G 14TB server hard drive LP,14TB midline SAS HDD helium LP,3.5 inch 14TB SAS drive 7200RPM LP,14TB hot swap server hard drive LP,14TB SAS 512e server HDD LP,large capacity 14TB SAS drive LP,14TB 12Gbps SAS storage drive LP,server hard disk 14TB SAS LP,14TB LFF SAS midline HDD LP,14TB helium sealed SAS drive LP,data center 14TB SAS HDD LP,14TB SAS hard disk for server LP,14TB 7.2K storage server HDD LP,14TB nearline SAS hard drive LP,14TB SAS HDD wholesale LP,low profile 14TB SAS drive
881781-B21,12TB SAS 12G MDL 7.2K LFF LP Helium,12TB SAS hard drive LP,12TB 7200RPM server HDD LP,12TB SAS 12Gbps midline drive,12TB 7.2K 3.5 inch hard disk LP,SAS 12G 12TB server hard drive LP,12TB midline SAS HDD helium LP,3.5 inch 12TB SAS drive 7200RPM LP,12TB hot swap server hard drive LP,12TB SAS 512e server HDD LP,large capacity 12TB SAS drive LP,12TB 12Gbps SAS storage drive LP,server hard disk 12TB SAS LP,12TB LFF SAS midline HDD LP,12TB helium sealed SAS drive LP,data center 12TB SAS HDD LP,12TB SAS hard disk for server LP,12TB 7.2K storage server HDD LP,12TB nearline SAS hard drive LP,12TB SAS HDD wholesale LP,low profile 12TB SAS drive
P09149-B21,10TB SAS 12G MDL 7.2K LFF LP Helium,10TB SAS hard drive LP,10TB 7200RPM server HDD LP,10TB SAS 12Gbps midline drive,10TB 7.2K 3.5 inch hard disk LP,SAS 12G 10TB server hard drive LP,10TB midline SAS HDD helium LP,3.5 inch 10TB SAS drive 7200RPM LP,10TB hot swap server hard drive LP,10TB SAS 512e server HDD LP,large capacity 10TB SAS drive LP,10TB 12Gbps SAS storage drive LP,server hard disk 10TB SAS LP,10TB LFF SAS midline HDD LP,10TB helium sealed SAS drive LP,data center 10TB SAS HDD LP,10TB SAS hard disk for server LP,10TB 7.2K storage server HDD LP,10TB nearline SAS hard drive LP,10TB SAS HDD wholesale LP,low profile 10TB SAS drive
834031-B21,8TB SAS 12G MDL 7.2K LFF LP,8TB SAS hard drive LP,8TB 7200RPM server HDD LP,8TB SAS 12Gbps midline drive,8TB 7.2K 3.5 inch hard disk LP,SAS 12G 8TB server hard drive LP,8TB midline SAS HDD 7200RPM LP,3.5 inch 8TB SAS drive 7200RPM LP,8TB hot swap server hard drive LP,8TB SAS 512e server HDD LP,large capacity 8TB SAS drive LP,8TB 12Gbps SAS storage drive LP,server hard disk 8TB SAS LP,8TB LFF SAS midline HDD LP,8TB high capacity SAS drive LP,data center 8TB SAS HDD LP,8TB SAS hard disk for server LP,8TB 7.2K storage server HDD LP,8TB nearline SAS hard drive LP,8TB SAS HDD wholesale LP,low profile 8TB SAS drive
861746-B21,6TB SAS 12G MDL 7.2K LFF LP,6TB SAS hard drive LP,6TB 7200RPM server HDD LP,6TB SAS 12Gbps midline drive,6TB 7.2K 3.5 inch hard disk LP,SAS 12G 6TB server hard drive LP,6TB midline SAS HDD 7200RPM LP,3.5 inch 6TB SAS drive 7200RPM LP,6TB hot swap server hard drive LP,6TB SAS 512e server HDD LP,large capacity 6TB SAS drive LP,6TB 12Gbps SAS storage drive LP,server hard disk 6TB SAS LP,6TB LFF SAS midline HDD LP,6TB high capacity SAS drive LP,data center 6TB SAS HDD LP,6TB SAS hard disk for server LP,6TB 7.2K storage server HDD LP,6TB nearline SAS hard drive LP,6TB SAS HDD wholesale LP,low profile 6TB SAS drive
